{"cameraMode":{"drawMode":0,"name":"Shaded","section":"Shading Mode"},"sceneLighting":true,"audioPlay":false,"sceneViewState":{"m_AlwaysRefresh":false,"showFog":true,"showSkybox":true,"showFlares":true,"showImageEffects":true,"showParticleSystems":true,"showVisualEffectGraphs":true,"m_FxEnabled":true},"in2DMode":false,"pivot":{"x":-2.9011406898498537,"y":-3.9701733589172365,"z":17.650815963745118},"rotation":{"x":-0.12497888505458832,"y":0.1328423172235489,"z":-0.015995217487215997,"w":-0.9832903146743774},"size":10.920249938964844,"orthographic":false}