{"cameraMode":{"drawMode":0,"name":"Shaded","section":"Shading Mode"},"sceneLighting":true,"audioPlay":false,"sceneViewState":{"m_AlwaysRefresh":false,"showFog":true,"showSkybox":true,"showFlares":true,"showImageEffects":true,"showParticleSystems":true,"showVisualEffectGraphs":true,"m_FxEnabled":true},"in2DMode":false,"pivot":{"x":565.3483276367188,"y":253.96954345703126,"z":669.5812377929688},"rotation":{"x":0.0198129341006279,"y":-0.004300881177186966,"z":-0.0006074961274862289,"w":1.0000344514846802},"size":663.842041015625,"orthographic":false}